id,brewarydb_id,created_at,updated_at
501,c4f2KE,2019-02-01 07:46:57.251822,2019-02-01 07:46:57.251822
502,zTTWa2,2019-02-01 07:46:57.251822,2019-02-01 07:46:57.251822
503,zfP2fK,2019-02-01 07:46:57.251822,2019-02-01 07:46:57.251822
504,xwYSL2,2019-02-01 07:46:57.251822,2019-02-01 07:46:57.251822
505,UJGpVS,2019-02-01 07:46:57.251822,2019-02-01 07:46:57.251822
506,vz5JZ1,2019-02-01 07:46:57.251822,2019-02-01 07:46:57.251822
507,LcpeBb,2019-02-01 07:46:57.251822,2019-02-01 07:46:57.251822
508,Yd8G8r,2019-02-01 07:46:57.251822,2019-02-01 07:46:57.251822
509,iJ329Y,2019-02-01 07:46:57.251822,2019-02-01 07:46:57.251822
510,O78ldO,2019-02-01 07:46:57.251822,2019-02-01 07:46:57.251822
511,qGDeH1,2019-02-01 07:46:57.251822,2019-02-01 07:46:57.251822
512,MgdJep,2019-02-01 07:46:57.251822,2019-02-01 07:46:57.251822
513,ISTT06,2019-02-01 07:46:57.251822,2019-02-01 07:46:57.251822
514,v4KRep,2019-02-01 07:46:57.251822,2019-02-01 07:46:57.251822
515,uIgENV,2019-02-01 07:46:57.251822,2019-02-01 07:46:57.251822
516,WcP2Ww,2019-02-01 07:46:57.251822,2019-02-01 07:46:57.251822
517,HyxQE4,2019-02-01 07:46:57.251822,2019-02-01 07:46:57.251822
518,e9sjBk,2019-02-01 07:46:57.251822,2019-02-01 07:46:57.251822
519,YZXVKq,2019-02-01 07:46:57.251822,2019-02-01 07:46:57.251822
520,7z8RTq,2019-02-01 07:46:57.251822,2019-02-01 07:46:57.251822
521,f5CWb6,2019-02-01 07:46:57.251822,2019-02-01 07:46:57.251822
522,0KEzfx,2019-02-01 07:46:57.251822,2019-02-01 07:46:57.251822
523,KjumXn,2019-02-01 07:46:57.251822,2019-02-01 07:46:57.251822
524,8M5lCq,2019-02-01 07:46:57.251822,2019-02-01 07:46:57.251822
525,ajbd6g,2019-02-01 07:46:57.251822,2019-02-01 07:46:57.251822
526,NoNhan,2019-02-01 07:46:57.251822,2019-02-01 07:46:57.251822
527,pOUbfg,2019-02-01 07:46:57.251822,2019-02-01 07:46:57.251822
528,jIKwgZ,2019-02-01 07:46:57.251822,2019-02-01 07:46:57.251822
529,lWygSS,2019-02-01 07:46:57.251822,2019-02-01 07:46:57.251822
530,fa0oqf,2019-02-01 07:46:57.251822,2019-02-01 07:46:57.251822
531,HZMvCT,2019-02-01 07:46:57.251822,2019-02-01 07:46:57.251822
532,GysKeq,2019-02-01 07:46:57.251822,2019-02-01 07:46:57.251822
533,tw2Iw0,2019-02-01 07:46:57.251822,2019-02-01 07:46:57.251822
534,GYF0P4,2019-02-01 07:46:57.251822,2019-02-01 07:46:57.251822
535,j9cp5e,2019-02-01 07:46:57.251822,2019-02-01 07:46:57.251822
536,5MX880,2019-02-01 07:46:57.251822,2019-02-01 07:46:57.251822
537,uA3MVL,2019-02-01 07:46:57.251822,2019-02-01 07:46:57.251822
538,Fhw2NF,2019-02-01 07:46:57.251822,2019-02-01 07:46:57.251822
539,MqTIG4,2019-02-01 07:46:57.251822,2019-02-01 07:46:57.251822
540,wDgaK8,2019-02-01 07:46:57.251822,2019-02-01 07:46:57.251822
541,Au0v9G,2019-02-01 07:46:57.251822,2019-02-01 07:46:57.251822
542,svXHfu,2019-02-01 07:46:57.251822,2019-02-01 07:46:57.251822
543,hbF6tu,2019-02-01 07:46:57.251822,2019-02-01 07:46:57.251822
544,MTLa3r,2019-02-01 07:46:57.251822,2019-02-01 07:46:57.251822
545,6AcqY6,2019-02-01 07:46:57.251822,2019-02-01 07:46:57.251822
546,RK9Po6,2019-02-01 07:46:57.251822,2019-02-01 07:46:57.251822
547,yn4ODI,2019-02-01 07:46:57.251822,2019-02-01 07:46:57.251822
548,2cLm8B,2019-02-01 07:46:57.251822,2019-02-01 07:46:57.251822
549,DbeLZF,2019-02-01 07:46:57.251822,2019-02-01 07:46:57.251822
550,aG4Ie2,2019-02-01 07:46:57.251822,2019-02-01 07:46:57.251822
551,hYaduh,2019-02-01 07:46:57.251822,2019-02-01 07:46:57.251822
552,5TQX99,2019-02-01 07:46:57.251822,2019-02-01 07:46:57.251822
553,qIa0fL,2019-02-01 07:46:57.251822,2019-02-01 07:46:57.251822
554,Zd8Cxd,2019-02-01 07:46:57.251822,2019-02-01 07:46:57.251822
555,Ota9wv,2019-02-01 07:46:57.251822,2019-02-01 07:46:57.251822
556,b6nCMj,2019-02-01 07:46:57.251822,2019-02-01 07:46:57.251822
557,fBZZUJ,2019-02-01 07:46:57.251822,2019-02-01 07:46:57.251822
558,iEMsk8,2019-02-01 07:46:57.251822,2019-02-01 07:46:57.251822
559,ItEVNY,2019-02-01 07:46:57.251822,2019-02-01 07:46:57.251822
560,HIuMUM,2019-02-01 07:46:57.251822,2019-02-01 07:46:57.251822
561,IyyejS,2019-02-01 07:46:57.251822,2019-02-01 07:46:57.251822
562,JCo28y,2019-02-01 07:46:57.251822,2019-02-01 07:46:57.251822
563,uHEs7N,2019-02-01 07:46:57.251822,2019-02-01 07:46:57.251822
564,fdnFoV,2019-02-01 07:46:57.251822,2019-02-01 07:46:57.251822
565,8ugUQF,2019-02-01 07:46:57.251822,2019-02-01 07:46:57.251822
566,zrqusY,2019-02-01 07:46:57.251822,2019-02-01 07:46:57.251822
567,BJFSW8,2019-02-01 07:46:57.251822,2019-02-01 07:46:57.251822
568,cBZj1z,2019-02-01 07:46:57.251822,2019-02-01 07:46:57.251822
569,NY86j7,2019-02-01 07:46:57.251822,2019-02-01 07:46:57.251822
570,lEPIZg,2019-02-01 07:46:57.251822,2019-02-01 07:46:57.251822
571,WaxgGo,2019-02-01 07:46:57.251822,2019-02-01 07:46:57.251822
572,HxW3xw,2019-02-01 07:46:57.251822,2019-02-01 07:46:57.251822
573,eOVHdT,2019-02-01 07:46:57.251822,2019-02-01 07:46:57.251822
574,L0eAAB,2019-02-01 07:46:57.251822,2019-02-01 07:46:57.251822
575,1unO6C,2019-02-01 07:46:57.251822,2019-02-01 07:46:57.251822
576,nvfMg1,2019-02-01 07:46:57.251822,2019-02-01 07:46:57.251822
577,kLnpDN,2019-02-01 07:46:57.251822,2019-02-01 07:46:57.251822
578,PPM1hu,2019-02-01 07:46:57.251822,2019-02-01 07:46:57.251822
579,J2UGn1,2019-02-01 07:46:57.251822,2019-02-01 07:46:57.251822
580,Beiqbm,2019-02-01 07:46:57.251822,2019-02-01 07:46:57.251822
581,YXPOTZ,2019-02-01 07:46:57.251822,2019-02-01 07:46:57.251822
582,kbyHKb,2019-02-01 07:46:57.251822,2019-02-01 07:46:57.251822
583,bdFoir,2019-02-01 07:46:57.251822,2019-02-01 07:46:57.251822
584,wRkDGh,2019-02-01 07:46:57.251822,2019-02-01 07:46:57.251822
585,fGeFvg,2019-02-01 07:46:57.251822,2019-02-01 07:46:57.251822
586,dS3WFU,2019-02-01 07:46:57.251822,2019-02-01 07:46:57.251822
587,18Ki63,2019-02-01 07:46:57.251822,2019-02-01 07:46:57.251822
588,8SiLJi,2019-02-01 07:46:57.251822,2019-02-01 07:46:57.251822
589,LMONA6,2019-02-01 07:46:57.251822,2019-02-01 07:46:57.251822
590,hO6U5X,2019-02-01 07:46:57.251822,2019-02-01 07:46:57.251822
591,zLqnaW,2019-02-01 07:46:57.251822,2019-02-01 07:46:57.251822
592,DvxCJ2,2019-02-01 07:46:57.251822,2019-02-01 07:46:57.251822
593,HIwvra,2019-02-01 07:46:57.251822,2019-02-01 07:46:57.251822
594,AZgmir,2019-02-01 07:46:57.251822,2019-02-01 07:46:57.251822
595,xjSOtt,2019-02-01 07:46:57.251822,2019-02-01 07:46:57.251822
596,Ydp0k0,2019-02-01 07:46:57.251822,2019-02-01 07:46:57.251822
597,PZL75k,2019-02-01 07:46:57.251822,2019-02-01 07:46:57.251822
598,4A41PO,2019-02-01 07:46:57.251822,2019-02-01 07:46:57.251822
599,x7GusT,2019-02-01 07:46:57.251822,2019-02-01 07:46:57.251822
600,JzR6cK,2019-02-01 07:46:57.251822,2019-02-01 07:46:57.251822
601,kvklwS,2019-02-01 07:46:57.251822,2019-02-01 07:46:57.251822
602,3JrTod,2019-02-01 07:46:57.251822,2019-02-01 07:46:57.251822
603,9YCuGj,2019-02-01 07:46:57.251822,2019-02-01 07:46:57.251822
604,ZQkBoF,2019-02-01 07:46:57.251822,2019-02-01 07:46:57.251822
605,Nl1CJp,2019-02-01 07:46:57.251822,2019-02-01 07:46:57.251822
606,c4ODPx,2019-02-01 07:46:57.251822,2019-02-01 07:46:57.251822
607,Jyj4KZ,2019-02-01 07:46:57.251822,2019-02-01 07:46:57.251822
608,OJadqc,2019-02-01 07:46:57.251822,2019-02-01 07:46:57.251822
609,2rqlKs,2019-02-01 07:46:57.251822,2019-02-01 07:46:57.251822
610,7iFx4r,2019-02-01 07:46:57.251822,2019-02-01 07:46:57.251822
611,6mTebP,2019-02-01 07:46:57.251822,2019-02-01 07:46:57.251822
612,pTHBWA,2019-02-01 07:46:57.251822,2019-02-01 07:46:57.251822
613,pGqazY,2019-02-01 07:46:57.251822,2019-02-01 07:46:57.251822
614,ZK2Swv,2019-02-01 07:46:57.251822,2019-02-01 07:46:57.251822
615,BdlH6M,2019-02-01 07:46:57.251822,2019-02-01 07:46:57.251822
616,QHCtPE,2019-02-01 07:46:57.251822,2019-02-01 07:46:57.251822
617,nxU5Fn,2019-02-01 07:46:57.251822,2019-02-01 07:46:57.251822
618,2avhYf,2019-02-01 07:46:57.251822,2019-02-01 07:46:57.251822
619,eueVi6,2019-02-01 07:46:57.251822,2019-02-01 07:46:57.251822
620,z8iAm9,2019-02-01 07:46:57.251822,2019-02-01 07:46:57.251822
621,bSQyva,2019-02-01 07:46:57.251822,2019-02-01 07:46:57.251822
622,q5sbES,2019-02-01 07:46:57.251822,2019-02-01 07:46:57.251822
623,lT9g7O,2019-02-01 07:46:57.251822,2019-02-01 07:46:57.251822
624,SPbPNt,2019-02-01 07:46:57.251822,2019-02-01 07:46:57.251822
625,4jKDXK,2019-02-01 07:46:57.251822,2019-02-01 07:46:57.251822
626,h331gl,2019-02-01 07:46:57.251822,2019-02-01 07:46:57.251822
627,gFe3ro,2019-02-01 07:46:57.251822,2019-02-01 07:46:57.251822
628,ZJdowf,2019-02-01 07:46:57.251822,2019-02-01 07:46:57.251822
629,1cLpJP,2019-02-01 07:46:57.251822,2019-02-01 07:46:57.251822
630,BoJHzM,2019-02-01 07:46:57.251822,2019-02-01 07:46:57.251822
631,nAr0mR,2019-02-01 07:46:57.251822,2019-02-01 07:46:57.251822
632,DQW0WA,2019-02-01 07:46:57.251822,2019-02-01 07:46:57.251822
633,hDKDfU,2019-02-01 07:46:57.251822,2019-02-01 07:46:57.251822
634,X8qNCS,2019-02-01 07:46:57.251822,2019-02-01 07:46:57.251822
635,17KZDP,2019-02-01 07:46:57.251822,2019-02-01 07:46:57.251822
636,8nUyoD,2019-02-01 07:46:57.251822,2019-02-01 07:46:57.251822
637,O3nY32,2019-02-01 07:46:57.251822,2019-02-01 07:46:57.251822
638,QtA7tb,2019-02-01 07:46:57.251822,2019-02-01 07:46:57.251822
639,pSVIAZ,2019-02-01 07:46:57.251822,2019-02-01 07:46:57.251822
640,zqS7ze,2019-02-01 07:46:57.251822,2019-02-01 07:46:57.251822
641,ETtkIW,2019-02-01 07:46:57.251822,2019-02-01 07:46:57.251822
642,eyYenc,2019-02-01 07:46:57.251822,2019-02-01 07:46:57.251822
643,ygAzC9,2019-02-01 07:46:57.251822,2019-02-01 07:46:57.251822
644,aztnLa,2019-02-01 07:46:57.251822,2019-02-01 07:46:57.251822
645,DJcbV1,2019-02-01 07:46:57.251822,2019-02-01 07:46:57.251822
646,pdLPeS,2019-02-01 07:46:57.251822,2019-02-01 07:46:57.251822
647,Rx4Dnt,2019-02-01 07:46:57.251822,2019-02-01 07:46:57.251822
648,ysyw2P,2019-02-01 07:46:57.251822,2019-02-01 07:46:57.251822
649,4sdq0d,2019-02-01 07:46:57.251822,2019-02-01 07:46:57.251822
650,1UhodH,2019-02-01 07:46:57.251822,2019-02-01 07:46:57.251822
651,IphbdN,2019-02-01 07:46:57.251822,2019-02-01 07:46:57.251822
652,8PsCAg,2019-02-01 07:46:57.251822,2019-02-01 07:46:57.251822
653,ER2JSs,2019-02-01 07:46:57.251822,2019-02-01 07:46:57.251822
654,2CRlqm,2019-02-01 07:46:57.251822,2019-02-01 07:46:57.251822
655,qUIYuC,2019-02-01 07:46:57.251822,2019-02-01 07:46:57.251822
656,9HcWSd,2019-02-01 07:46:57.251822,2019-02-01 07:46:57.251822
657,dapUuF,2019-02-01 07:46:57.251822,2019-02-01 07:46:57.251822
658,AFNvz4,2019-02-01 07:46:57.251822,2019-02-01 07:46:57.251822
659,0T4pOY,2019-02-01 07:46:57.251822,2019-02-01 07:46:57.251822
660,Rxu5Bd,2019-02-01 07:46:57.251822,2019-02-01 07:46:57.251822
661,BJymUV,2019-02-01 07:46:57.251822,2019-02-01 07:46:57.251822
662,gLBFNH,2019-02-01 07:46:57.251822,2019-02-01 07:46:57.251822
663,tLwMOd,2019-02-01 07:46:57.251822,2019-02-01 07:46:57.251822
664,pkEofb,2019-02-01 07:46:57.251822,2019-02-01 07:46:57.251822
665,yxUgyc,2019-02-01 07:46:57.251822,2019-02-01 07:46:57.251822
666,4fKoj3,2019-02-01 07:46:57.251822,2019-02-01 07:46:57.251822
667,yoGDFl,2019-02-01 07:46:57.251822,2019-02-01 07:46:57.251822
668,kZadFf,2019-02-01 07:46:57.251822,2019-02-01 07:46:57.251822
669,fyj05b,2019-02-01 07:46:57.251822,2019-02-01 07:46:57.251822
670,HSChH3,2019-02-01 07:46:57.251822,2019-02-01 07:46:57.251822
671,E6kkPh,2019-02-01 07:46:57.251822,2019-02-01 07:46:57.251822
672,ja4TBb,2019-02-01 07:46:57.251822,2019-02-01 07:46:57.251822
673,NgU9h0,2019-02-01 07:46:57.251822,2019-02-01 07:46:57.251822
674,Du7C2e,2019-02-01 07:46:57.251822,2019-02-01 07:46:57.251822
675,i0Hy6x,2019-02-01 07:46:57.251822,2019-02-01 07:46:57.251822
676,fekpJv,2019-02-01 07:46:57.251822,2019-02-01 07:46:57.251822
677,QFJ250,2019-02-01 07:46:57.251822,2019-02-01 07:46:57.251822
678,d16niD,2019-02-01 07:46:57.251822,2019-02-01 07:46:57.251822
679,24mTU2,2019-02-01 07:46:57.251822,2019-02-01 07:46:57.251822
680,95tyDm,2019-02-01 07:46:57.251822,2019-02-01 07:46:57.251822
681,IlrJbh,2019-02-01 07:46:57.251822,2019-02-01 07:46:57.251822
682,wzCyVT,2019-02-01 07:46:57.251822,2019-02-01 07:46:57.251822
683,bK4vxh,2019-02-01 07:46:57.251822,2019-02-01 07:46:57.251822
684,8b9X23,2019-02-01 07:46:57.251822,2019-02-01 07:46:57.251822
685,oYED15,2019-02-01 07:46:57.251822,2019-02-01 07:46:57.251822
686,HQ79n0,2019-02-01 07:46:57.251822,2019-02-01 07:46:57.251822
687,932XO8,2019-02-01 07:46:57.251822,2019-02-01 07:46:57.251822
688,WTmAem,2019-02-01 07:46:57.251822,2019-02-01 07:46:57.251822
689,l7Dmxe,2019-02-01 07:46:57.251822,2019-02-01 07:46:57.251822
690,5LwuwE,2019-02-01 07:46:57.251822,2019-02-01 07:46:57.251822
691,qpPzL7,2019-02-01 07:46:57.251822,2019-02-01 07:46:57.251822
692,vmmRA5,2019-02-01 07:46:57.251822,2019-02-01 07:46:57.251822
693,75agIj,2019-02-01 07:46:57.251822,2019-02-01 07:46:57.251822
694,HgMkeg,2019-02-01 07:46:57.251822,2019-02-01 07:46:57.251822
695,AEFy0R,2019-02-01 07:46:57.251822,2019-02-01 07:46:57.251822
696,HmjnXt,2019-02-01 07:46:57.251822,2019-02-01 07:46:57.251822
697,QdPbTF,2019-02-01 07:46:57.251822,2019-02-01 07:46:57.251822
698,NU4qr0,2019-02-01 07:46:57.251822,2019-02-01 07:46:57.251822
699,Yjd19k,2019-02-01 07:46:57.251822,2019-02-01 07:46:57.251822
700,yORSh7,2019-02-01 07:46:57.251822,2019-02-01 07:46:57.251822
701,giziAd,2019-02-01 07:46:57.251822,2019-02-01 07:46:57.251822
702,5lW8HD,2019-02-01 07:46:57.251822,2019-02-01 07:46:57.251822
703,t28a6A,2019-02-01 07:46:57.251822,2019-02-01 07:46:57.251822
704,PRRZBx,2019-02-01 07:46:57.251822,2019-02-01 07:46:57.251822
705,hImGQV,2019-02-01 07:46:57.251822,2019-02-01 07:46:57.251822
706,KuiKeS,2019-02-01 07:46:57.251822,2019-02-01 07:46:57.251822
707,pZEIiV,2019-02-01 07:46:57.251822,2019-02-01 07:46:57.251822
708,IkgmFq,2019-02-01 07:46:57.251822,2019-02-01 07:46:57.251822
709,RcyKuX,2019-02-01 07:46:57.251822,2019-02-01 07:46:57.251822
710,bMv56j,2019-02-01 07:46:57.251822,2019-02-01 07:46:57.251822
711,9slIEB,2019-02-01 07:46:57.251822,2019-02-01 07:46:57.251822
712,CRw8Gu,2019-02-01 07:46:57.251822,2019-02-01 07:46:57.251822
713,TpiDMC,2019-02-01 07:46:57.251822,2019-02-01 07:46:57.251822
714,d2nhC0,2019-02-01 07:46:57.251822,2019-02-01 07:46:57.251822
715,GwYXdk,2019-02-01 07:46:57.251822,2019-02-01 07:46:57.251822
716,P3fflp,2019-02-01 07:46:57.251822,2019-02-01 07:46:57.251822
717,8MMa77,2019-02-01 07:46:57.251822,2019-02-01 07:46:57.251822
718,W2dlxg,2019-02-01 07:46:57.251822,2019-02-01 07:46:57.251822
719,qGhR1j,2019-02-01 07:46:57.251822,2019-02-01 07:46:57.251822
720,SaQFBA,2019-02-01 07:46:57.251822,2019-02-01 07:46:57.251822
721,dimtrs,2019-02-01 07:46:57.251822,2019-02-01 07:46:57.251822
722,Abbvjh,2019-02-01 07:46:57.251822,2019-02-01 07:46:57.251822
723,Dvucvo,2019-02-01 07:46:57.251822,2019-02-01 07:46:57.251822
724,t9aucT,2019-02-01 07:46:57.251822,2019-02-01 07:46:57.251822
725,4zruzt,2019-02-01 07:46:57.251822,2019-02-01 07:46:57.251822
726,MzoCPz,2019-02-01 07:46:57.251822,2019-02-01 07:46:57.251822
727,VwOYAS,2019-02-01 07:46:57.251822,2019-02-01 07:46:57.251822
728,WQsARu,2019-02-01 07:46:57.251822,2019-02-01 07:46:57.251822
729,hd8yE8,2019-02-01 07:46:57.251822,2019-02-01 07:46:57.251822
730,LXWiDB,2019-02-01 07:46:57.251822,2019-02-01 07:46:57.251822
731,YCBXba,2019-02-01 07:46:57.251822,2019-02-01 07:46:57.251822
732,doijNb,2019-02-01 07:46:57.251822,2019-02-01 07:46:57.251822
733,1P45iR,2019-02-01 07:46:57.251822,2019-02-01 07:46:57.251822
734,ueYGTP,2019-02-01 07:46:57.251822,2019-02-01 07:46:57.251822
735,hlynwj,2019-02-01 07:46:57.251822,2019-02-01 07:46:57.251822
736,eW9IJb,2019-02-01 07:46:57.251822,2019-02-01 07:46:57.251822
737,mobjLC,2019-02-01 07:46:57.251822,2019-02-01 07:46:57.251822
738,bQk5Rn,2019-02-01 07:46:57.251822,2019-02-01 07:46:57.251822
739,jjIwuS,2019-02-01 07:46:57.251822,2019-02-01 07:46:57.251822
740,G2Vi1J,2019-02-01 07:46:57.251822,2019-02-01 07:46:57.251822
741,BbrPm8,2019-02-01 07:46:57.251822,2019-02-01 07:46:57.251822
742,jnOm9n,2019-02-01 07:46:57.251822,2019-02-01 07:46:57.251822
743,dRIuaV,2019-02-01 07:46:57.251822,2019-02-01 07:46:57.251822
744,5ON8OO,2019-02-01 07:46:57.251822,2019-02-01 07:46:57.251822
745,QhHBBX,2019-02-01 07:46:57.251822,2019-02-01 07:46:57.251822
746,fKinUP,2019-02-01 07:46:57.251822,2019-02-01 07:46:57.251822
747,30zzKy,2019-02-01 07:46:57.251822,2019-02-01 07:46:57.251822
748,vNwXnT,2019-02-01 07:46:57.251822,2019-02-01 07:46:57.251822
749,zYJxUM,2019-02-01 07:46:57.251822,2019-02-01 07:46:57.251822
750,9OyQXs,2019-02-01 07:46:57.251822,2019-02-01 07:46:57.251822
751,GTbXLB,2019-02-01 07:46:57.251822,2019-02-01 07:46:57.251822
752,xpBGZB,2019-02-01 07:46:57.251822,2019-02-01 07:46:57.251822
753,qa1QZU,2019-02-01 07:46:57.251822,2019-02-01 07:46:57.251822
754,80tC1T,2019-02-01 07:46:57.251822,2019-02-01 07:46:57.251822
755,04k0TG,2019-02-01 07:46:57.251822,2019-02-01 07:46:57.251822
756,KY5gtZ,2019-02-01 07:46:57.251822,2019-02-01 07:46:57.251822
757,PLnqH7,2019-02-01 07:46:57.251822,2019-02-01 07:46:57.251822
758,v5a7l8,2019-02-01 07:46:57.251822,2019-02-01 07:46:57.251822
759,lyc9as,2019-02-01 07:46:57.251822,2019-02-01 07:46:57.251822
760,tZkS7X,2019-02-01 07:46:57.251822,2019-02-01 07:46:57.251822
761,GboTWT,2019-02-01 07:46:57.251822,2019-02-01 07:46:57.251822
762,zd3xxc,2019-02-01 07:46:57.251822,2019-02-01 07:46:57.251822
763,1C793t,2019-02-01 07:46:57.251822,2019-02-01 07:46:57.251822
764,1t3vFB,2019-02-01 07:46:57.251822,2019-02-01 07:46:57.251822
765,guH320,2019-02-01 07:46:57.251822,2019-02-01 07:46:57.251822
766,Ontrer,2019-02-01 07:46:57.251822,2019-02-01 07:46:57.251822
767,ct0Hxz,2019-02-01 07:46:57.251822,2019-02-01 07:46:57.251822
768,lUt8yP,2019-02-01 07:46:57.251822,2019-02-01 07:46:57.251822
769,qqOqX9,2019-02-01 07:46:57.251822,2019-02-01 07:46:57.251822
770,LkfL1Y,2019-02-01 07:46:57.251822,2019-02-01 07:46:57.251822
771,WHKIRY,2019-02-01 07:46:57.251822,2019-02-01 07:46:57.251822
772,zhzeah,2019-02-01 07:46:57.251822,2019-02-01 07:46:57.251822
773,wIRsU0,2019-02-01 07:46:57.251822,2019-02-01 07:46:57.251822
774,3wh93y,2019-02-01 07:46:57.251822,2019-02-01 07:46:57.251822
775,Z10a03,2019-02-01 07:46:57.251822,2019-02-01 07:46:57.251822
776,dnUKxu,2019-02-01 07:46:57.251822,2019-02-01 07:46:57.251822
777,T1YdsG,2019-02-01 07:46:57.251822,2019-02-01 07:46:57.251822
778,x71Neo,2019-02-01 07:46:57.251822,2019-02-01 07:46:57.251822
779,EBgR2m,2019-02-01 07:46:57.251822,2019-02-01 07:46:57.251822
780,zpvlri,2019-02-01 07:46:57.251822,2019-02-01 07:46:57.251822
781,oEiXJV,2019-02-01 07:46:57.251822,2019-02-01 07:46:57.251822
782,Hh3VFp,2019-02-01 07:46:57.251822,2019-02-01 07:46:57.251822
783,iTZlLw,2019-02-01 07:46:57.251822,2019-02-01 07:46:57.251822
784,yQqOSf,2019-02-01 07:46:57.251822,2019-02-01 07:46:57.251822
785,tMseDR,2019-02-01 07:46:57.251822,2019-02-01 07:46:57.251822
786,8pAabO,2019-02-01 07:46:57.251822,2019-02-01 07:46:57.251822
787,3dsDxX,2019-02-01 07:46:57.251822,2019-02-01 07:46:57.251822
788,CtLLsH,2019-02-01 07:46:57.251822,2019-02-01 07:46:57.251822
789,mXym9s,2019-02-01 07:46:57.251822,2019-02-01 07:46:57.251822
790,gfFqa1,2019-02-01 07:46:57.251822,2019-02-01 07:46:57.251822
791,qhppip,2019-02-01 07:46:57.251822,2019-02-01 07:46:57.251822
792,h2d5zt,2019-02-01 07:46:57.251822,2019-02-01 07:46:57.251822
793,a1DUfG,2019-02-01 07:46:57.251822,2019-02-01 07:46:57.251822
794,sghlNk,2019-02-01 07:46:57.251822,2019-02-01 07:46:57.251822
795,uycrg9,2019-02-01 07:46:57.251822,2019-02-01 07:46:57.251822
796,ViVJh6,2019-02-01 07:46:57.251822,2019-02-01 07:46:57.251822
797,ehb1eB,2019-02-01 07:46:57.251822,2019-02-01 07:46:57.251822
798,bqKaTO,2019-02-01 07:46:57.251822,2019-02-01 07:46:57.251822
799,C7bzqV,2019-02-01 07:46:57.251822,2019-02-01 07:46:57.251822
800,bHmQdD,2019-02-01 07:46:57.251822,2019-02-01 07:46:57.251822
801,FDpmPR,2019-02-01 07:46:57.251822,2019-02-01 07:46:57.251822
802,BkSzxg,2019-02-01 07:46:57.251822,2019-02-01 07:46:57.251822
803,xwLUUb,2019-02-01 07:46:57.251822,2019-02-01 07:46:57.251822
804,537zpn,2019-02-01 07:46:57.251822,2019-02-01 07:46:57.251822
805,fDmp62,2019-02-01 07:46:57.251822,2019-02-01 07:46:57.251822
806,S1oEH9,2019-02-01 07:46:57.251822,2019-02-01 07:46:57.251822
807,AvtUms,2019-02-01 07:46:57.251822,2019-02-01 07:46:57.251822
808,3PGxCQ,2019-02-01 07:46:57.251822,2019-02-01 07:46:57.251822
809,nF8WBb,2019-02-01 07:46:57.251822,2019-02-01 07:46:57.251822
810,rDnNdd,2019-02-01 07:46:57.251822,2019-02-01 07:46:57.251822
811,nFcIwJ,2019-02-01 07:46:57.251822,2019-02-01 07:46:57.251822
812,iT9pf4,2019-02-01 07:46:57.251822,2019-02-01 07:46:57.251822
813,2ADEYR,2019-02-01 07:46:57.251822,2019-02-01 07:46:57.251822
814,JDzrBR,2019-02-01 07:46:57.251822,2019-02-01 07:46:57.251822
815,vXifKs,2019-02-01 07:46:57.251822,2019-02-01 07:46:57.251822
816,XrRTUJ,2019-02-01 07:46:57.251822,2019-02-01 07:46:57.251822
817,6gFiUn,2019-02-01 07:46:57.251822,2019-02-01 07:46:57.251822
818,LR5oG8,2019-02-01 07:46:57.251822,2019-02-01 07:46:57.251822
819,69tWZj,2019-02-01 07:46:57.251822,2019-02-01 07:46:57.251822
820,BlcFcv,2019-02-01 07:46:57.251822,2019-02-01 07:46:57.251822
821,ARoWVg,2019-02-01 07:46:57.251822,2019-02-01 07:46:57.251822
822,ov7fgF,2019-02-01 07:46:57.251822,2019-02-01 07:46:57.251822
823,DEojxv,2019-02-01 07:46:57.251822,2019-02-01 07:46:57.251822
824,9nXV0D,2019-02-01 07:46:57.251822,2019-02-01 07:46:57.251822
825,zc3p4y,2019-02-01 07:46:57.251822,2019-02-01 07:46:57.251822
826,x3ijRg,2019-02-01 07:46:57.251822,2019-02-01 07:46:57.251822
827,sqELhU,2019-02-01 07:46:57.251822,2019-02-01 07:46:57.251822
828,0HZF08,2019-02-01 07:46:57.251822,2019-02-01 07:46:57.251822
829,XVWs1B,2019-02-01 07:46:57.251822,2019-02-01 07:46:57.251822
830,6f6SpY,2019-02-01 07:46:57.251822,2019-02-01 07:46:57.251822
831,24UMt9,2019-02-01 07:46:57.251822,2019-02-01 07:46:57.251822
832,qgR2pv,2019-02-01 07:46:57.251822,2019-02-01 07:46:57.251822
833,bwmm73,2019-02-01 07:46:57.251822,2019-02-01 07:46:57.251822
834,MDLWPq,2019-02-01 07:46:57.251822,2019-02-01 07:46:57.251822
835,HXVdFT,2019-02-01 07:46:57.251822,2019-02-01 07:46:57.251822
836,TQaDOh,2019-02-01 07:46:57.251822,2019-02-01 07:46:57.251822
837,ZvzhRI,2019-02-01 07:46:57.251822,2019-02-01 07:46:57.251822
838,7Tfy0M,2019-02-01 07:46:57.251822,2019-02-01 07:46:57.251822
839,ABAHdk,2019-02-01 07:46:57.251822,2019-02-01 07:46:57.251822
840,4nRKTH,2019-02-01 07:46:57.251822,2019-02-01 07:46:57.251822
841,7dkC8e,2019-02-01 07:46:57.251822,2019-02-01 07:46:57.251822
842,RDEj6L,2019-02-01 07:46:57.251822,2019-02-01 07:46:57.251822
843,3XBmmp,2019-02-01 07:46:57.251822,2019-02-01 07:46:57.251822
844,kK34fk,2019-02-01 07:46:57.251822,2019-02-01 07:46:57.251822
845,cOSoch,2019-02-01 07:46:57.251822,2019-02-01 07:46:57.251822
846,bHDV83,2019-02-01 07:46:57.251822,2019-02-01 07:46:57.251822
847,XWveu5,2019-02-01 07:46:57.251822,2019-02-01 07:46:57.251822
848,NE2Dpl,2019-02-01 07:46:57.251822,2019-02-01 07:46:57.251822
849,aabOus,2019-02-01 07:46:57.251822,2019-02-01 07:46:57.251822
850,gEUoCZ,2019-02-01 07:46:57.251822,2019-02-01 07:46:57.251822
851,CMvItN,2019-02-01 07:46:57.251822,2019-02-01 07:46:57.251822
852,hn9LIa,2019-02-01 07:46:57.251822,2019-02-01 07:46:57.251822
853,0I5b84,2019-02-01 07:46:57.251822,2019-02-01 07:46:57.251822
854,LVSSPk,2019-02-01 07:46:57.251822,2019-02-01 07:46:57.251822
855,WHQisc,2019-02-01 07:46:57.251822,2019-02-01 07:46:57.251822
856,ZDbYzs,2019-02-01 07:46:57.251822,2019-02-01 07:46:57.251822
857,uhfEWi,2019-02-01 07:46:57.251822,2019-02-01 07:46:57.251822
858,Vuhegf,2019-02-01 07:46:57.251822,2019-02-01 07:46:57.251822
859,RXEBYd,2019-02-01 07:46:57.251822,2019-02-01 07:46:57.251822
860,HHG2Nn,2019-02-01 07:46:57.251822,2019-02-01 07:46:57.251822
861,ndgIxK,2019-02-01 07:46:57.251822,2019-02-01 07:46:57.251822
862,2wvRmF,2019-02-01 07:46:57.251822,2019-02-01 07:46:57.251822
863,BnYgKN,2019-02-01 07:46:57.251822,2019-02-01 07:46:57.251822
864,IpcSsv,2019-02-01 07:46:57.251822,2019-02-01 07:46:57.251822
865,ZJJ8yY,2019-02-01 07:46:57.251822,2019-02-01 07:46:57.251822
866,8lo5KQ,2019-02-01 07:46:57.251822,2019-02-01 07:46:57.251822
867,DwfEan,2019-02-01 07:46:57.251822,2019-02-01 07:46:57.251822
868,fMn3Hq,2019-02-01 07:46:57.251822,2019-02-01 07:46:57.251822
869,Y6iD9x,2019-02-01 07:46:57.251822,2019-02-01 07:46:57.251822
870,3tlrAU,2019-02-01 07:46:57.251822,2019-02-01 07:46:57.251822
871,UTh8Gm,2019-02-01 07:46:57.251822,2019-02-01 07:46:57.251822
872,4GgbWG,2019-02-01 07:46:57.251822,2019-02-01 07:46:57.251822
873,1LvpyW,2019-02-01 07:46:57.251822,2019-02-01 07:46:57.251822
874,4iQV5k,2019-02-01 07:46:57.251822,2019-02-01 07:46:57.251822
875,hqQhp6,2019-02-01 07:46:57.251822,2019-02-01 07:46:57.251822
876,dFaMLe,2019-02-01 07:46:57.251822,2019-02-01 07:46:57.251822
877,utrZWH,2019-02-01 07:46:57.251822,2019-02-01 07:46:57.251822
878,RsTK7E,2019-02-01 07:46:57.251822,2019-02-01 07:46:57.251822
879,vzcxNZ,2019-02-01 07:46:57.251822,2019-02-01 07:46:57.251822
880,hKT9uI,2019-02-01 07:46:57.251822,2019-02-01 07:46:57.251822
881,nvaDvZ,2019-02-01 07:46:57.251822,2019-02-01 07:46:57.251822
882,AC98pm,2019-02-01 07:46:57.251822,2019-02-01 07:46:57.251822
883,jcxBhr,2019-02-01 07:46:57.251822,2019-02-01 07:46:57.251822
884,YBxI4X,2019-02-01 07:46:57.251822,2019-02-01 07:46:57.251822
885,PSRi4b,2019-02-01 07:46:57.251822,2019-02-01 07:46:57.251822
886,jBjeGJ,2019-02-01 07:46:57.251822,2019-02-01 07:46:57.251822
887,OFYff7,2019-02-01 07:46:57.251822,2019-02-01 07:46:57.251822
888,DGhJbX,2019-02-01 07:46:57.251822,2019-02-01 07:46:57.251822
889,ebYlhO,2019-02-01 07:46:57.251822,2019-02-01 07:46:57.251822
890,MtJRP6,2019-02-01 07:46:57.251822,2019-02-01 07:46:57.251822
891,TavGRG,2019-02-01 07:46:57.251822,2019-02-01 07:46:57.251822
892,LDb6oj,2019-02-01 07:46:57.251822,2019-02-01 07:46:57.251822
893,kusLBU,2019-02-01 07:46:57.251822,2019-02-01 07:46:57.251822
894,Dn64tp,2019-02-01 07:46:57.251822,2019-02-01 07:46:57.251822
895,z9eSax,2019-02-01 07:46:57.251822,2019-02-01 07:46:57.251822
896,bTNGkO,2019-02-01 07:46:57.251822,2019-02-01 07:46:57.251822
897,H20aOl,2019-02-01 07:46:57.251822,2019-02-01 07:46:57.251822
898,35wxef,2019-02-01 07:46:57.251822,2019-02-01 07:46:57.251822
899,YViUzm,2019-02-01 07:46:57.251822,2019-02-01 07:46:57.251822
900,xjwBeb,2019-02-01 07:46:57.251822,2019-02-01 07:46:57.251822
901,JW5SJV,2019-02-01 07:46:57.251822,2019-02-01 07:46:57.251822
902,xXEmDi,2019-02-01 07:46:57.251822,2019-02-01 07:46:57.251822
903,QefHZY,2019-02-01 07:46:57.251822,2019-02-01 07:46:57.251822
904,xqbL8h,2019-02-01 07:46:57.251822,2019-02-01 07:46:57.251822
905,KPu2Ot,2019-02-01 07:46:57.251822,2019-02-01 07:46:57.251822
906,RsGMGn,2019-02-01 07:46:57.251822,2019-02-01 07:46:57.251822
907,ULacWY,2019-02-01 07:46:57.251822,2019-02-01 07:46:57.251822
908,6fJQfz,2019-02-01 07:46:57.251822,2019-02-01 07:46:57.251822
909,ttJysx,2019-02-01 07:46:57.251822,2019-02-01 07:46:57.251822
910,9Ylplt,2019-02-01 07:46:57.251822,2019-02-01 07:46:57.251822
911,ceP1Cs,2019-02-01 07:46:57.251822,2019-02-01 07:46:57.251822
912,ePh6fw,2019-02-01 07:46:57.251822,2019-02-01 07:46:57.251822
913,OxvWPv,2019-02-01 07:46:57.251822,2019-02-01 07:46:57.251822
914,1XAbSf,2019-02-01 07:46:57.251822,2019-02-01 07:46:57.251822
915,iYbsQ5,2019-02-01 07:46:57.251822,2019-02-01 07:46:57.251822
916,3wspDn,2019-02-01 07:46:57.251822,2019-02-01 07:46:57.251822
917,3nrJLN,2019-02-01 07:46:57.251822,2019-02-01 07:46:57.251822
918,g7a7Uo,2019-02-01 07:46:57.251822,2019-02-01 07:46:57.251822
919,IRIveF,2019-02-01 07:46:57.251822,2019-02-01 07:46:57.251822
920,ul1jng,2019-02-01 07:46:57.251822,2019-02-01 07:46:57.251822
921,HqKYLu,2019-02-01 07:46:57.251822,2019-02-01 07:46:57.251822
922,VyWf1j,2019-02-01 07:46:57.251822,2019-02-01 07:46:57.251822
923,CFiVaj,2019-02-01 07:46:57.251822,2019-02-01 07:46:57.251822
924,N5lJcK,2019-02-01 07:46:57.251822,2019-02-01 07:46:57.251822
925,rJ51vR,2019-02-01 07:46:57.251822,2019-02-01 07:46:57.251822
926,YaI6zp,2019-02-01 07:46:57.251822,2019-02-01 07:46:57.251822
927,FVFucy,2019-02-01 07:46:57.251822,2019-02-01 07:46:57.251822
928,1FBXjy,2019-02-01 07:46:57.251822,2019-02-01 07:46:57.251822
929,t0iVWe,2019-02-01 07:46:57.251822,2019-02-01 07:46:57.251822
930,tDKmD5,2019-02-01 07:46:57.251822,2019-02-01 07:46:57.251822
931,907FUe,2019-02-01 07:46:57.251822,2019-02-01 07:46:57.251822
932,PsFAwd,2019-02-01 07:46:57.251822,2019-02-01 07:46:57.251822
933,AI17Hf,2019-02-01 07:46:57.251822,2019-02-01 07:46:57.251822
934,whlYbK,2019-02-01 07:46:57.251822,2019-02-01 07:46:57.251822
935,276GV8,2019-02-01 07:46:57.251822,2019-02-01 07:46:57.251822
936,CWqXDN,2019-02-01 07:46:57.251822,2019-02-01 07:46:57.251822
937,w7z0LS,2019-02-01 07:46:57.251822,2019-02-01 07:46:57.251822
938,JoGCC1,2019-02-01 07:46:57.251822,2019-02-01 07:46:57.251822
939,hy7HsS,2019-02-01 07:46:57.251822,2019-02-01 07:46:57.251822
940,HG1dy6,2019-02-01 07:46:57.251822,2019-02-01 07:46:57.251822
941,uec7XF,2019-02-01 07:46:57.251822,2019-02-01 07:46:57.251822
942,Cn8hSH,2019-02-01 07:46:57.251822,2019-02-01 07:46:57.251822
943,LVghwn,2019-02-01 07:46:57.251822,2019-02-01 07:46:57.251822
944,BZGnql,2019-02-01 07:46:57.251822,2019-02-01 07:46:57.251822
945,5iehRZ,2019-02-01 07:46:57.251822,2019-02-01 07:46:57.251822
946,GXDZpo,2019-02-01 07:46:57.251822,2019-02-01 07:46:57.251822
947,cX0XkP,2019-02-01 07:46:57.251822,2019-02-01 07:46:57.251822
948,UFPFnA,2019-02-01 07:46:57.251822,2019-02-01 07:46:57.251822
949,GNtxMV,2019-02-01 07:46:57.251822,2019-02-01 07:46:57.251822
950,dTCluj,2019-02-01 07:46:57.251822,2019-02-01 07:46:57.251822
951,yZruL5,2019-02-01 07:46:57.251822,2019-02-01 07:46:57.251822
952,vLTky5,2019-02-01 07:46:57.251822,2019-02-01 07:46:57.251822
953,b65A4y,2019-02-01 07:46:57.251822,2019-02-01 07:46:57.251822
954,7BGyan,2019-02-01 07:46:57.251822,2019-02-01 07:46:57.251822
955,mUt5nB,2019-02-01 07:46:57.251822,2019-02-01 07:46:57.251822
956,69R1Vd,2019-02-01 07:46:57.251822,2019-02-01 07:46:57.251822
957,CU2xRZ,2019-02-01 07:46:57.251822,2019-02-01 07:46:57.251822
958,esFZwY,2019-02-01 07:46:57.251822,2019-02-01 07:46:57.251822
959,9cqNKc,2019-02-01 07:46:57.251822,2019-02-01 07:46:57.251822
960,oLL7QN,2019-02-01 07:46:57.251822,2019-02-01 07:46:57.251822
961,HiunCp,2019-02-01 07:46:57.251822,2019-02-01 07:46:57.251822
962,oBALsi,2019-02-01 07:46:57.251822,2019-02-01 07:46:57.251822
963,VFG5pL,2019-02-01 07:46:57.251822,2019-02-01 07:46:57.251822
964,jMQlvu,2019-02-01 07:46:57.251822,2019-02-01 07:46:57.251822
965,8qafAu,2019-02-01 07:46:57.251822,2019-02-01 07:46:57.251822
966,WCPtV5,2019-02-01 07:46:57.251822,2019-02-01 07:46:57.251822
967,ZVmIsO,2019-02-01 07:46:57.251822,2019-02-01 07:46:57.251822
968,llmv40,2019-02-01 07:46:57.251822,2019-02-01 07:46:57.251822
969,trEROu,2019-02-01 07:46:57.251822,2019-02-01 07:46:57.251822
970,FocTXx,2019-02-01 07:46:57.251822,2019-02-01 07:46:57.251822
971,S3xcp2,2019-02-01 07:46:57.251822,2019-02-01 07:46:57.251822
972,CwbQiB,2019-02-01 07:46:57.251822,2019-02-01 07:46:57.251822
973,4o9Ml2,2019-02-01 07:46:57.251822,2019-02-01 07:46:57.251822
974,17XX3q,2019-02-01 07:46:57.251822,2019-02-01 07:46:57.251822
975,U7lF72,2019-02-01 07:46:57.251822,2019-02-01 07:46:57.251822
976,wJ9ull,2019-02-01 07:46:57.251822,2019-02-01 07:46:57.251822
977,o4farp,2019-02-01 07:46:57.251822,2019-02-01 07:46:57.251822
978,Cj5RaA,2019-02-01 07:46:57.251822,2019-02-01 07:46:57.251822
979,nPSHXY,2019-02-01 07:46:57.251822,2019-02-01 07:46:57.251822
980,DUmEEi,2019-02-01 07:46:57.251822,2019-02-01 07:46:57.251822
981,GVNZZQ,2019-02-01 07:46:57.251822,2019-02-01 07:46:57.251822
982,7gKo41,2019-02-01 07:46:57.251822,2019-02-01 07:46:57.251822
983,avUZok,2019-02-01 07:46:57.251822,2019-02-01 07:46:57.251822
984,56HXGK,2019-02-01 07:46:57.251822,2019-02-01 07:46:57.251822
985,coUX1m,2019-02-01 07:46:57.251822,2019-02-01 07:46:57.251822
986,pq9MUi,2019-02-01 07:46:57.251822,2019-02-01 07:46:57.251822
987,2YWln7,2019-02-01 07:46:57.251822,2019-02-01 07:46:57.251822
988,NamZiK,2019-02-01 07:46:57.251822,2019-02-01 07:46:57.251822
989,Yq3v6n,2019-02-01 07:46:57.251822,2019-02-01 07:46:57.251822
990,qbeSzR,2019-02-01 07:46:57.251822,2019-02-01 07:46:57.251822
991,StkEiv,2019-02-01 07:46:57.251822,2019-02-01 07:46:57.251822
992,gkSM7N,2019-02-01 07:46:57.251822,2019-02-01 07:46:57.251822
993,K2qBGW,2019-02-01 07:46:57.251822,2019-02-01 07:46:57.251822
994,J9xszw,2019-02-01 07:46:57.251822,2019-02-01 07:46:57.251822
995,c9u7Eo,2019-02-01 07:46:57.251822,2019-02-01 07:46:57.251822
996,Ia4uJ0,2019-02-01 07:46:57.251822,2019-02-01 07:46:57.251822
997,8LowIZ,2019-02-01 07:46:57.251822,2019-02-01 07:46:57.251822
998,JfC6wN,2019-02-01 07:46:57.251822,2019-02-01 07:46:57.251822
999,DGCFAD,2019-02-01 07:46:57.251822,2019-02-01 07:46:57.251822
1000,unQfZE,2019-02-01 07:46:57.251822,2019-02-01 07:46:57.251822
1001,FAIsfG,2019-02-01 07:46:57.251822,2019-02-01 07:46:57.251822
1002,hf0GB8,2019-02-01 07:46:57.251822,2019-02-01 07:46:57.251822
1003,4BzAQE,2019-02-01 07:46:57.251822,2019-02-01 07:46:57.251822
1004,Hb6O3U,2019-02-01 07:46:57.251822,2019-02-01 07:46:57.251822
1005,NRRfYP,2019-02-01 07:46:57.251822,2019-02-01 07:46:57.251822
1006,CD9BLy,2019-02-01 07:46:57.251822,2019-02-01 07:46:57.251822
1007,ztJYpI,2019-02-01 07:46:57.251822,2019-02-01 07:46:57.251822
1008,Yzokxa,2019-02-01 07:46:57.251822,2019-02-01 07:46:57.251822
1009,eIZS7k,2019-02-01 07:46:57.251822,2019-02-01 07:46:57.251822
1010,GGaceU,2019-02-01 07:46:57.251822,2019-02-01 07:46:57.251822
1011,YEIMmF,2019-02-01 07:46:57.251822,2019-02-01 07:46:57.251822
1012,x8U1bY,2019-02-01 07:46:57.251822,2019-02-01 07:46:57.251822
1013,CU1fkx,2019-02-01 07:46:57.251822,2019-02-01 07:46:57.251822
1014,peyS4P,2019-02-01 07:46:57.251822,2019-02-01 07:46:57.251822
1015,0oHOZv,2019-02-01 07:46:57.251822,2019-02-01 07:46:57.251822
1016,zGsXaD,2019-02-01 07:46:57.251822,2019-02-01 07:46:57.251822
1017,FK6HtH,2019-02-01 07:46:57.251822,2019-02-01 07:46:57.251822
1018,ZSCpkz,2019-02-01 07:46:57.251822,2019-02-01 07:46:57.251822
1019,Mx9jQm,2019-02-01 07:46:57.251822,2019-02-01 07:46:57.251822
1020,0s57EN,2019-02-01 07:46:57.251822,2019-02-01 07:46:57.251822
1021,JKdiyv,2019-02-01 07:46:57.251822,2019-02-01 07:46:57.251822
1022,Oawv0J,2019-02-01 07:46:57.251822,2019-02-01 07:46:57.251822
1023,JzAHi3,2019-02-01 07:46:57.251822,2019-02-01 07:46:57.251822
1024,ygnsjS,2019-02-01 07:46:57.251822,2019-02-01 07:46:57.251822
1025,MZicx4,2019-02-01 07:46:57.251822,2019-02-01 07:46:57.251822
1026,LnzGvI,2019-02-01 07:46:57.251822,2019-02-01 07:46:57.251822
1027,b601KW,2019-02-01 07:46:57.251822,2019-02-01 07:46:57.251822
1028,tuyIzW,2019-02-01 07:46:57.251822,2019-02-01 07:46:57.251822
1029,QFOApS,2019-02-01 07:46:57.251822,2019-02-01 07:46:57.251822
1030,5LHS1h,2019-02-01 07:46:57.251822,2019-02-01 07:46:57.251822
1031,zD2FYX,2019-02-01 07:46:57.251822,2019-02-01 07:46:57.251822
1032,DsrVwL,2019-02-01 07:46:57.251822,2019-02-01 07:46:57.251822
1033,FW35fB,2019-02-01 07:46:57.251822,2019-02-01 07:46:57.251822
1034,4U8cc8,2019-02-01 07:46:57.251822,2019-02-01 07:46:57.251822
1035,IDxKzR,2019-02-01 07:46:57.251822,2019-02-01 07:46:57.251822
1036,5ntmM9,2019-02-01 07:46:57.251822,2019-02-01 07:46:57.251822
1037,GnPJde,2019-02-01 07:46:57.251822,2019-02-01 07:46:57.251822
1038,t787n5,2019-02-01 07:46:57.251822,2019-02-01 07:46:57.251822
1039,YUaX19,2019-02-01 07:46:57.251822,2019-02-01 07:46:57.251822
1040,C0Ax0o,2019-02-01 07:46:57.251822,2019-02-01 07:46:57.251822
1041,9UUKMj,2019-02-01 07:46:57.251822,2019-02-01 07:46:57.251822
1042,blZIJW,2019-02-01 07:46:57.251822,2019-02-01 07:46:57.251822
1043,afK7hW,2019-02-01 07:46:57.251822,2019-02-01 07:46:57.251822
1044,2VR5QQ,2019-02-01 07:46:57.251822,2019-02-01 07:46:57.251822
1045,MUXP6K,2019-02-01 07:46:57.251822,2019-02-01 07:46:57.251822
1046,YSLzio,2019-02-01 07:46:57.251822,2019-02-01 07:46:57.251822
1047,fqgLPD,2019-02-01 07:46:57.251822,2019-02-01 07:46:57.251822
1048,JOxnlJ,2019-02-01 07:46:57.251822,2019-02-01 07:46:57.251822
1049,kVKPX7,2019-02-01 07:46:57.251822,2019-02-01 07:46:57.251822
1050,7HHwqy,2019-02-01 07:46:57.251822,2019-02-01 07:46:57.251822
1051,AAdvVo,2019-02-01 07:46:57.251822,2019-02-01 07:46:57.251822
1052,Xmetdp,2019-02-01 07:46:57.251822,2019-02-01 07:46:57.251822
1053,kQiE9q,2019-02-01 07:46:57.251822,2019-02-01 07:46:57.251822
1054,4QXro7,2019-02-01 07:46:57.251822,2019-02-01 07:46:57.251822
1055,qXs21b,2019-02-01 07:46:57.251822,2019-02-01 07:46:57.251822
1056,Pni8Jo,2019-02-01 07:46:57.251822,2019-02-01 07:46:57.251822
1057,4NgQyT,2019-02-01 07:46:57.251822,2019-02-01 07:46:57.251822
1058,Rj8PxJ,2019-02-01 07:46:57.251822,2019-02-01 07:46:57.251822
1059,bn1wGG,2019-02-01 07:46:57.251822,2019-02-01 07:46:57.251822
1060,3neLUw,2019-02-01 07:46:57.251822,2019-02-01 07:46:57.251822
1061,xcGtHr,2019-02-01 07:46:57.251822,2019-02-01 07:46:57.251822
1062,x8Bv0f,2019-02-01 07:46:57.251822,2019-02-01 07:46:57.251822
1063,EO71ZO,2019-02-01 07:46:57.251822,2019-02-01 07:46:57.251822
1064,jbvl8b,2019-02-01 07:46:57.251822,2019-02-01 07:46:57.251822
1065,qpyuqH,2019-02-01 07:46:57.251822,2019-02-01 07:46:57.251822
1066,XFwk42,2019-02-01 07:46:57.251822,2019-02-01 07:46:57.251822
1067,sAQpBR,2019-02-01 07:46:57.251822,2019-02-01 07:46:57.251822
1068,KQDQgO,2019-02-01 07:46:57.251822,2019-02-01 07:46:57.251822
1069,nOFAoT,2019-02-01 07:46:57.251822,2019-02-01 07:46:57.251822
1070,Z1g2ua,2019-02-01 07:46:57.251822,2019-02-01 07:46:57.251822
1071,ZRujA6,2019-02-01 07:46:57.251822,2019-02-01 07:46:57.251822
1072,fOFhEa,2019-02-01 07:46:57.251822,2019-02-01 07:46:57.251822
1073,bp7TkJ,2019-02-01 07:46:57.251822,2019-02-01 07:46:57.251822
1074,IAP9Ye,2019-02-01 07:46:57.251822,2019-02-01 07:46:57.251822
1075,BceaoL,2019-02-01 07:46:57.251822,2019-02-01 07:46:57.251822
1076,Da2apu,2019-02-01 07:46:57.251822,2019-02-01 07:46:57.251822
1077,ptlOzL,2019-02-01 07:46:57.251822,2019-02-01 07:46:57.251822
1078,Oobtwc,2019-02-01 07:46:57.251822,2019-02-01 07:46:57.251822
1079,qQTYZ8,2019-02-01 07:46:57.251822,2019-02-01 07:46:57.251822
1080,Wemgbs,2019-02-01 07:46:57.251822,2019-02-01 07:46:57.251822
1081,CtqQJb,2019-02-01 07:46:57.251822,2019-02-01 07:46:57.251822
1082,kSrchj,2019-02-01 07:46:57.251822,2019-02-01 07:46:57.251822
1083,AVcFA8,2019-02-01 07:46:57.251822,2019-02-01 07:46:57.251822
1084,AdHXWs,2019-02-01 07:46:57.251822,2019-02-01 07:46:57.251822
1085,dbN8in,2019-02-01 07:46:57.251822,2019-02-01 07:46:57.251822
1086,EpkUho,2019-02-01 07:46:57.251822,2019-02-01 07:46:57.251822
1087,uL3sSR,2019-02-01 07:46:57.251822,2019-02-01 07:46:57.251822
1088,8zibUO,2019-02-01 07:46:57.251822,2019-02-01 07:46:57.251822
1089,htbWwF,2019-02-01 07:46:57.251822,2019-02-01 07:46:57.251822
1090,meCiGU,2019-02-01 07:46:57.251822,2019-02-01 07:46:57.251822
1091,INJWpy,2019-02-01 07:46:57.251822,2019-02-01 07:46:57.251822
1092,oC1Ux4,2019-02-01 07:46:57.251822,2019-02-01 07:46:57.251822
1093,xdvDOQ,2019-02-01 07:46:57.251822,2019-02-01 07:46:57.251822
1094,wXVeJD,2019-02-01 07:46:57.251822,2019-02-01 07:46:57.251822
1095,uzbisB,2019-02-01 07:46:57.251822,2019-02-01 07:46:57.251822
1096,qpfWYm,2019-02-01 07:46:57.251822,2019-02-01 07:46:57.251822
1097,gVynTw,2019-02-01 07:46:57.251822,2019-02-01 07:46:57.251822
1098,3WxXFm,2019-02-01 07:46:57.251822,2019-02-01 07:46:57.251822
1099,yEe3T6,2019-02-01 07:46:57.251822,2019-02-01 07:46:57.251822
1100,mFO6aU,2019-02-01 07:46:57.251822,2019-02-01 07:46:57.251822
1101,si7pxG,2019-02-01 07:46:57.251822,2019-02-01 07:46:57.251822
1102,DiM4QZ,2019-02-01 07:46:57.251822,2019-02-01 07:46:57.251822
1103,Yuzbjs,2019-02-01 07:46:57.251822,2019-02-01 07:46:57.251822
1104,mrLL4r,2019-02-01 07:46:57.251822,2019-02-01 07:46:57.251822
1105,EiBcm8,2019-02-01 07:46:57.251822,2019-02-01 07:46:57.251822
1106,V9x9qv,2019-02-01 07:46:57.251822,2019-02-01 07:46:57.251822
1107,MFgb7Y,2019-02-01 07:46:57.251822,2019-02-01 07:46:57.251822
1108,LIY58Q,2019-02-01 07:46:57.251822,2019-02-01 07:46:57.251822
1109,jNqqVQ,2019-02-01 07:46:57.251822,2019-02-01 07:46:57.251822
1110,J0OjIy,2019-02-01 07:46:57.251822,2019-02-01 07:46:57.251822
1111,KcLuc7,2019-02-01 07:46:57.251822,2019-02-01 07:46:57.251822
1112,gm9FbA,2019-02-01 07:46:57.251822,2019-02-01 07:46:57.251822
1113,ghPF7u,2019-02-01 07:46:57.251822,2019-02-01 07:46:57.251822
1114,NaTBQp,2019-02-01 07:46:57.251822,2019-02-01 07:46:57.251822
1115,FfmdpM,2019-02-01 07:46:57.251822,2019-02-01 07:46:57.251822
1116,e4in1c,2019-02-01 07:46:57.251822,2019-02-01 07:46:57.251822
1117,xw3Nti,2019-02-01 07:46:57.251822,2019-02-01 07:46:57.251822
1118,dNnIWw,2019-02-01 07:46:57.251822,2019-02-01 07:46:57.251822
1119,Lo0Ybu,2019-02-01 07:46:57.251822,2019-02-01 07:46:57.251822
1120,JVv3qI,2019-02-01 07:46:57.251822,2019-02-01 07:46:57.251822
1121,P9Ly3t,2019-02-01 07:46:57.251822,2019-02-01 07:46:57.251822
1122,OIKxkJ,2019-02-01 07:46:57.251822,2019-02-01 07:46:57.251822
1123,SDUD8m,2019-02-01 07:46:57.251822,2019-02-01 07:46:57.251822
1124,XRsG9K,2019-02-01 07:46:57.251822,2019-02-01 07:46:57.251822
1125,FNByFy,2019-02-01 07:46:57.251822,2019-02-01 07:46:57.251822
1126,vuZYco,2019-02-01 07:46:57.251822,2019-02-01 07:46:57.251822
1127,wkaQ3k,2019-02-01 07:46:57.251822,2019-02-01 07:46:57.251822
1128,7x2tzn,2019-02-01 07:46:57.251822,2019-02-01 07:46:57.251822
1129,dWISHQ,2019-02-01 07:46:57.251822,2019-02-01 07:46:57.251822
1130,iLlMCb,2019-02-01 07:46:57.251822,2019-02-01 07:46:57.251822
1131,DwGaaX,2019-02-01 07:46:57.251822,2019-02-01 07:46:57.251822
1132,QuJNYq,2019-02-01 07:46:57.251822,2019-02-01 07:46:57.251822
1133,jZMQtq,2019-02-01 07:46:57.251822,2019-02-01 07:46:57.251822
1134,lj8S4n,2019-02-01 07:46:57.251822,2019-02-01 07:46:57.251822
1135,QNucGY,2019-02-01 07:46:57.251822,2019-02-01 07:46:57.251822
1136,41SRDq,2019-02-01 07:46:57.251822,2019-02-01 07:46:57.251822
1137,Oklbuw,2019-02-01 07:46:57.251822,2019-02-01 07:46:57.251822
1138,3Csw32,2019-02-01 07:46:57.251822,2019-02-01 07:46:57.251822
1139,xoUVy2,2019-02-01 07:46:57.251822,2019-02-01 07:46:57.251822
1140,vrGuPg,2019-02-01 07:46:57.251822,2019-02-01 07:46:57.251822
1141,2NsDUk,2019-02-01 07:46:57.251822,2019-02-01 07:46:57.251822
1142,36DmYw,2019-02-01 07:46:57.251822,2019-02-01 07:46:57.251822
1143,a29mU4,2019-02-01 07:46:57.251822,2019-02-01 07:46:57.251822
1144,2mfXU8,2019-02-01 07:46:57.251822,2019-02-01 07:46:57.251822
1145,jshi8D,2019-02-01 07:46:57.251822,2019-02-01 07:46:57.251822
1146,XDaNfi,2019-02-01 07:46:57.251822,2019-02-01 07:46:57.251822
1147,DqTrrP,2019-02-01 07:46:57.251822,2019-02-01 07:46:57.251822
1148,J183HL,2019-02-01 07:46:57.251822,2019-02-01 07:46:57.251822
1149,DmCMSF,2019-02-01 07:46:57.251822,2019-02-01 07:46:57.251822
1150,epip51,2019-02-01 07:46:57.251822,2019-02-01 07:46:57.251822
1151,zDUkcd,2019-02-01 07:46:57.251822,2019-02-01 07:46:57.251822
1152,r1uQvZ,2019-02-01 07:46:57.251822,2019-02-01 07:46:57.251822
1153,DNAmvo,2019-02-01 07:46:57.251822,2019-02-01 07:46:57.251822
1154,CWwxeR,2019-02-01 07:46:57.251822,2019-02-01 07:46:57.251822
1155,eEWCFd,2019-02-01 07:46:57.251822,2019-02-01 07:46:57.251822
1156,SItgWZ,2019-02-01 07:46:57.251822,2019-02-01 07:46:57.251822
1157,R5Y92z,2019-02-01 07:46:57.251822,2019-02-01 07:46:57.251822
1158,C94dnF,2019-02-01 07:46:57.251822,2019-02-01 07:46:57.251822
1159,c0okIY,2019-02-01 07:46:57.251822,2019-02-01 07:46:57.251822
1160,baONtD,2019-02-01 07:46:57.251822,2019-02-01 07:46:57.251822
1161,56hSxC,2019-02-01 07:46:57.251822,2019-02-01 07:46:57.251822
1162,CEVOre,2019-02-01 07:46:57.251822,2019-02-01 07:46:57.251822
1163,n8itvA,2019-02-01 07:46:57.251822,2019-02-01 07:46:57.251822
1164,whHlqc,2019-02-01 07:46:57.251822,2019-02-01 07:46:57.251822
1165,xLOOss,2019-02-01 07:46:57.251822,2019-02-01 07:46:57.251822
1166,u0mJPG,2019-02-01 07:46:57.251822,2019-02-01 07:46:57.251822
1167,E5i29p,2019-02-01 07:46:57.251822,2019-02-01 07:46:57.251822
1168,dS0wsG,2019-02-01 07:46:57.251822,2019-02-01 07:46:57.251822
1169,iNpc02,2019-02-01 07:46:57.251822,2019-02-01 07:46:57.251822
1170,fIWpZI,2019-02-01 07:46:57.251822,2019-02-01 07:46:57.251822
1171,EWG6gq,2019-02-01 07:46:57.251822,2019-02-01 07:46:57.251822
1172,mjPDnq,2019-02-01 07:46:57.251822,2019-02-01 07:46:57.251822
1173,fnqCGB,2019-02-01 07:46:57.251822,2019-02-01 07:46:57.251822
1174,RVXI4q,2019-02-01 07:46:57.251822,2019-02-01 07:46:57.251822
1175,tupCCv,2019-02-01 07:46:57.251822,2019-02-01 07:46:57.251822
1176,2z4qK8,2019-02-01 07:46:57.251822,2019-02-01 07:46:57.251822
1177,TMp47T,2019-02-01 07:46:57.251822,2019-02-01 07:46:57.251822
1178,RiwjnU,2019-02-01 07:46:57.251822,2019-02-01 07:46:57.251822
1179,1j4prL,2019-02-01 07:46:57.251822,2019-02-01 07:46:57.251822
1180,xrpjYO,2019-02-01 07:46:57.251822,2019-02-01 07:46:57.251822
1181,qxNOIk,2019-02-01 07:46:57.251822,2019-02-01 07:46:57.251822
1182,JUjEnp,2019-02-01 07:46:57.251822,2019-02-01 07:46:57.251822
1183,ISlZaz,2019-02-01 07:46:57.251822,2019-02-01 07:46:57.251822
1184,Y8Ar6h,2019-02-01 07:46:57.251822,2019-02-01 07:46:57.251822
1185,voS2xG,2019-02-01 07:46:57.251822,2019-02-01 07:46:57.251822
1186,KJIjyd,2019-02-01 07:46:57.251822,2019-02-01 07:46:57.251822
1187,yagN3u,2019-02-01 07:46:57.251822,2019-02-01 07:46:57.251822
1188,dsVALR,2019-02-01 07:46:57.251822,2019-02-01 07:46:57.251822
1189,ZYOCUN,2019-02-01 07:46:57.251822,2019-02-01 07:46:57.251822
1190,Bs70do,2019-02-01 07:46:57.251822,2019-02-01 07:46:57.251822
1191,GWVXY3,2019-02-01 07:46:57.251822,2019-02-01 07:46:57.251822
1192,qQw3dE,2019-02-01 07:46:57.251822,2019-02-01 07:46:57.251822
1193,JSTPos,2019-02-01 07:46:57.251822,2019-02-01 07:46:57.251822
1194,2FgZ04,2019-02-01 07:46:57.251822,2019-02-01 07:46:57.251822
1195,pPGV1H,2019-02-01 07:46:57.251822,2019-02-01 07:46:57.251822
1196,YWt2Ld,2019-02-01 07:46:57.251822,2019-02-01 07:46:57.251822
1197,vpoGSw,2019-02-01 07:46:57.251822,2019-02-01 07:46:57.251822
1198,69Yqbc,2019-02-01 07:46:57.251822,2019-02-01 07:46:57.251822
1199,aWUHyv,2019-02-01 07:46:57.251822,2019-02-01 07:46:57.251822
1200,OPM4t8,2019-02-01 07:46:57.251822,2019-02-01 07:46:57.251822
1201,etD9Ry,2019-02-01 07:46:57.251822,2019-02-01 07:46:57.251822
1202,Esu28L,2019-02-01 07:46:57.251822,2019-02-01 07:46:57.251822
1203,S9QxGf,2019-02-01 07:46:57.251822,2019-02-01 07:46:57.251822
1204,9XJBp9,2019-02-01 07:46:57.251822,2019-02-01 07:46:57.251822
1205,Rg6aeS,2019-02-01 07:46:57.251822,2019-02-01 07:46:57.251822
1206,9Qr0BU,2019-02-01 07:46:57.251822,2019-02-01 07:46:57.251822
1207,Xzoo8o,2019-02-01 07:46:57.251822,2019-02-01 07:46:57.251822
1208,lFrwWQ,2019-02-01 07:46:57.251822,2019-02-01 07:46:57.251822
1209,NZakfr,2019-02-01 07:46:57.251822,2019-02-01 07:46:57.251822
1210,TPdvZt,2019-02-01 07:46:57.251822,2019-02-01 07:46:57.251822
1211,eI5fN2,2019-02-01 07:46:57.251822,2019-02-01 07:46:57.251822
1212,AXkM1P,2019-02-01 07:46:57.251822,2019-02-01 07:46:57.251822
1213,tGCD2j,2019-02-01 07:46:57.251822,2019-02-01 07:46:57.251822
1214,Bl8SsD,2019-02-01 07:46:57.251822,2019-02-01 07:46:57.251822
1215,3PXm6h,2019-02-01 07:46:57.251822,2019-02-01 07:46:57.251822
1216,OXcz6Z,2019-02-01 07:46:57.251822,2019-02-01 07:46:57.251822
1217,sicuOa,2019-02-01 07:46:57.251822,2019-02-01 07:46:57.251822
1218,qVUNwf,2019-02-01 07:46:57.251822,2019-02-01 07:46:57.251822
1219,pDZET2,2019-02-01 07:46:57.251822,2019-02-01 07:46:57.251822
1220,LOVCKl,2019-02-01 07:46:57.251822,2019-02-01 07:46:57.251822
1221,B0vbr1,2019-02-01 07:46:57.251822,2019-02-01 07:46:57.251822
1222,YrOqvr,2019-02-01 07:46:57.251822,2019-02-01 07:46:57.251822
1223,ZliVSZ,2019-02-01 07:46:57.251822,2019-02-01 07:46:57.251822
1224,EkVPnE,2019-02-01 07:46:57.251822,2019-02-01 07:46:57.251822
1225,l4L4RO,2019-02-01 07:46:57.251822,2019-02-01 07:46:57.251822
1226,Cwuozg,2019-02-01 07:46:57.251822,2019-02-01 07:46:57.251822
1227,TOBHd9,2019-02-01 07:46:57.251822,2019-02-01 07:46:57.251822
1228,NJL9oB,2019-02-01 07:46:57.251822,2019-02-01 07:46:57.251822
1229,kzcLek,2019-02-01 07:46:57.251822,2019-02-01 07:46:57.251822
1230,QD9dX7,2019-02-01 07:46:57.251822,2019-02-01 07:46:57.251822
1231,he3yMK,2019-02-01 07:46:57.251822,2019-02-01 07:46:57.251822
1232,OhhDEr,2019-02-01 07:46:57.251822,2019-02-01 07:46:57.251822
1233,zdjQs9,2019-02-01 07:46:57.251822,2019-02-01 07:46:57.251822
1234,WCKkkd,2019-02-01 07:46:57.251822,2019-02-01 07:46:57.251822
1235,00CxqR,2019-02-01 07:46:57.251822,2019-02-01 07:46:57.251822
1236,2EkHBG,2019-02-01 07:46:57.251822,2019-02-01 07:46:57.251822
1237,BEFupD,2019-02-01 07:46:57.251822,2019-02-01 07:46:57.251822
1238,n6p2aw,2019-02-01 07:46:57.251822,2019-02-01 07:46:57.251822
1239,4QiGHK,2019-02-01 07:46:57.251822,2019-02-01 07:46:57.251822
1240,N9aJxO,2019-02-01 07:46:57.251822,2019-02-01 07:46:57.251822
1241,Jio9R0,2019-02-01 07:46:57.251822,2019-02-01 07:46:57.251822
1242,1HeKZM,2019-02-01 07:46:57.251822,2019-02-01 07:46:57.251822
1243,qACg0q,2019-02-01 07:46:57.251822,2019-02-01 07:46:57.251822
1244,s5V8YM,2019-02-01 07:46:57.251822,2019-02-01 07:46:57.251822
1245,cJvlzs,2019-02-01 07:46:57.251822,2019-02-01 07:46:57.251822
1246,oBponF,2019-02-01 07:46:57.251822,2019-02-01 07:46:57.251822
1247,798rjW,2019-02-01 07:46:57.251822,2019-02-01 07:46:57.251822
1248,ADXvig,2019-02-01 07:46:57.251822,2019-02-01 07:46:57.251822
1249,Pwu2fR,2019-02-01 07:46:57.251822,2019-02-01 07:46:57.251822
1250,Q5y7v5,2019-02-01 07:46:57.251822,2019-02-01 07:46:57.251822
1251,42fXwv,2019-02-01 07:46:57.251822,2019-02-01 07:46:57.251822
1252,EcAeVx,2019-02-01 07:46:57.251822,2019-02-01 07:46:57.251822
1253,sfHgoE,2019-02-01 07:46:57.251822,2019-02-01 07:46:57.251822
1254,KGaPva,2019-02-01 07:46:57.251822,2019-02-01 07:46:57.251822
1255,twBPib,2019-02-01 07:46:57.251822,2019-02-01 07:46:57.251822
1256,YUVOGh,2019-02-01 07:46:57.251822,2019-02-01 07:46:57.251822
1257,lr1zya,2019-02-01 07:46:57.251822,2019-02-01 07:46:57.251822
1258,jChDlj,2019-02-01 07:46:57.251822,2019-02-01 07:46:57.251822
1259,Uz0Uxf,2019-02-01 07:46:57.251822,2019-02-01 07:46:57.251822
1260,kGli9E,2019-02-01 07:46:57.251822,2019-02-01 07:46:57.251822
1261,KmsdoV,2019-02-01 07:46:57.251822,2019-02-01 07:46:57.251822
1262,9bNjNs,2019-02-01 07:46:57.251822,2019-02-01 07:46:57.251822
1263,lFMs56,2019-02-01 07:46:57.251822,2019-02-01 07:46:57.251822
1264,3L21AU,2019-02-01 07:46:57.251822,2019-02-01 07:46:57.251822
1265,ZQKG7N,2019-02-01 07:46:57.251822,2019-02-01 07:46:57.251822
1266,r4I50V,2019-02-01 07:46:57.251822,2019-02-01 07:46:57.251822
1267,qQPhVI,2019-02-01 07:46:57.251822,2019-02-01 07:46:57.251822
1268,qX8i3E,2019-02-01 07:46:57.251822,2019-02-01 07:46:57.251822
1269,cCXIXP,2019-02-01 07:46:57.251822,2019-02-01 07:46:57.251822
1270,UZD25d,2019-02-01 07:46:57.251822,2019-02-01 07:46:57.251822
1271,cByN2F,2019-02-01 07:46:57.251822,2019-02-01 07:46:57.251822
1272,dM2XzJ,2019-02-01 07:46:57.251822,2019-02-01 07:46:57.251822
1273,uXdZle,2019-02-01 07:46:57.251822,2019-02-01 07:46:57.251822
1274,Dwhny1,2019-02-01 07:46:57.251822,2019-02-01 07:46:57.251822
1275,7i1hXo,2019-02-01 07:46:57.251822,2019-02-01 07:46:57.251822
1276,ONdtij,2019-02-01 07:46:57.251822,2019-02-01 07:46:57.251822
1277,Lx7DEm,2019-02-01 07:46:57.251822,2019-02-01 07:46:57.251822
1278,HO9ROw,2019-02-01 07:46:57.251822,2019-02-01 07:46:57.251822
1279,qGQc7S,2019-02-01 07:46:57.251822,2019-02-01 07:46:57.251822
1280,3zb9Gq,2019-02-01 07:46:57.251822,2019-02-01 07:46:57.251822
1281,cB7Dxt,2019-02-01 07:46:57.251822,2019-02-01 07:46:57.251822
1282,4KIe0t,2019-02-01 07:46:57.251822,2019-02-01 07:46:57.251822
1283,AlRuKw,2019-02-01 07:46:57.251822,2019-02-01 07:46:57.251822
1284,T7K4um,2019-02-01 07:46:57.251822,2019-02-01 07:46:57.251822
1285,UuyWmA,2019-02-01 07:46:57.251822,2019-02-01 07:46:57.251822
1286,8Ug3hm,2019-02-01 07:46:57.251822,2019-02-01 07:46:57.251822
1287,pYkVxn,2019-02-01 07:46:57.251822,2019-02-01 07:46:57.251822
1288,fQSwqJ,2019-02-01 07:46:57.251822,2019-02-01 07:46:57.251822
1289,rbRRxm,2019-02-01 07:46:57.251822,2019-02-01 07:46:57.251822
1290,cdkpyx,2019-02-01 07:46:57.251822,2019-02-01 07:46:57.251822
1291,CZn6nT,2019-02-01 07:46:57.251822,2019-02-01 07:46:57.251822
1292,bnURKM,2019-02-01 07:46:57.251822,2019-02-01 07:46:57.251822
1293,Tqu2Of,2019-02-01 07:46:57.251822,2019-02-01 07:46:57.251822
1294,gpCMad,2019-02-01 07:46:57.251822,2019-02-01 07:46:57.251822
1295,yjsHPX,2019-02-01 07:46:57.251822,2019-02-01 07:46:57.251822
1296,Ln4Gn6,2019-02-01 07:46:57.251822,2019-02-01 07:46:57.251822
1297,QkHinm,2019-02-01 07:46:57.251822,2019-02-01 07:46:57.251822
1298,Y9X4cN,2019-02-01 07:46:57.251822,2019-02-01 07:46:57.251822
1299,AJwGIV,2019-02-01 07:46:57.251822,2019-02-01 07:46:57.251822
1300,dRGLDH,2019-02-01 07:46:57.251822,2019-02-01 07:46:57.251822
1301,KnIZVN,2019-02-01 07:46:57.251822,2019-02-01 07:46:57.251822
1302,eCmjOc,2019-02-01 07:46:57.251822,2019-02-01 07:46:57.251822
1303,UmJ5Wm,2019-02-01 07:46:57.251822,2019-02-01 07:46:57.251822
1304,QdCdco,2019-02-01 07:46:57.251822,2019-02-01 07:46:57.251822
1305,7zuKpR,2019-02-01 07:46:57.251822,2019-02-01 07:46:57.251822
1306,XHB8Tj,2019-02-01 07:46:57.251822,2019-02-01 07:46:57.251822
1307,1yMrDb,2019-02-01 07:46:57.251822,2019-02-01 07:46:57.251822
1308,aPMdQj,2019-02-01 07:46:57.251822,2019-02-01 07:46:57.251822
1309,NAfiYn,2019-02-01 07:46:57.251822,2019-02-01 07:46:57.251822
1310,0j4t2Z,2019-02-01 07:46:57.251822,2019-02-01 07:46:57.251822
1311,52gmSJ,2019-02-01 07:46:57.251822,2019-02-01 07:46:57.251822
1312,6Q7pkn,2019-02-01 07:46:57.251822,2019-02-01 07:46:57.251822
1313,7aZN1V,2019-02-01 07:46:57.251822,2019-02-01 07:46:57.251822
1314,L6Lk8r,2019-02-01 07:46:57.251822,2019-02-01 07:46:57.251822
1315,AY6Jg8,2019-02-01 07:46:57.251822,2019-02-01 07:46:57.251822
1316,hbf2am,2019-02-01 07:46:57.251822,2019-02-01 07:46:57.251822
1317,T9hizi,2019-02-01 07:46:57.251822,2019-02-01 07:46:57.251822
1318,cglNbC,2019-02-01 07:46:57.251822,2019-02-01 07:46:57.251822
1319,0K21pW,2019-02-01 07:46:57.251822,2019-02-01 07:46:57.251822
1320,aBYXhp,2019-02-01 07:46:57.251822,2019-02-01 07:46:57.251822
1321,bFMDB3,2019-02-01 07:46:57.251822,2019-02-01 07:46:57.251822
1322,bZ8hmu,2019-02-01 07:46:57.251822,2019-02-01 07:46:57.251822
1323,UBcopK,2019-02-01 07:46:57.251822,2019-02-01 07:46:57.251822
1324,RDSydO,2019-02-01 07:46:57.251822,2019-02-01 07:46:57.251822
1325,AWdfjO,2019-02-01 07:46:57.251822,2019-02-01 07:46:57.251822
1326,y5dpHI,2019-02-01 07:46:57.251822,2019-02-01 07:46:57.251822
1327,NQwb75,2019-02-01 07:46:57.251822,2019-02-01 07:46:57.251822
1328,LDo4fA,2019-02-01 07:46:57.251822,2019-02-01 07:46:57.251822
1329,FMWVLR,2019-02-01 07:46:57.251822,2019-02-01 07:46:57.251822
1330,EbwOyu,2019-02-01 07:46:57.251822,2019-02-01 07:46:57.251822
1331,UimBmb,2019-02-01 07:46:57.251822,2019-02-01 07:46:57.251822
1332,EyM4tM,2019-02-01 07:46:57.251822,2019-02-01 07:46:57.251822
1333,otVuwu,2019-02-01 07:46:57.251822,2019-02-01 07:46:57.251822
1334,I1L4J0,2019-02-01 07:46:57.251822,2019-02-01 07:46:57.251822
1335,OAko81,2019-02-01 07:46:57.251822,2019-02-01 07:46:57.251822
1336,otkATx,2019-02-01 07:46:57.251822,2019-02-01 07:46:57.251822
1337,s1eqWg,2019-02-01 07:46:57.251822,2019-02-01 07:46:57.251822
1338,WUHF66,2019-02-01 07:46:57.251822,2019-02-01 07:46:57.251822
1339,NCsyAW,2019-02-01 07:46:57.251822,2019-02-01 07:46:57.251822
1340,bM2eLl,2019-02-01 07:46:57.251822,2019-02-01 07:46:57.251822
1341,p0Qbef,2019-02-01 07:46:57.251822,2019-02-01 07:46:57.251822
1342,txhujB,2019-02-01 07:46:57.251822,2019-02-01 07:46:57.251822
1343,GIO3Xe,2019-02-01 07:46:57.251822,2019-02-01 07:46:57.251822
1344,7aeVlx,2019-02-01 07:46:57.251822,2019-02-01 07:46:57.251822
1345,UPDwhn,2019-02-01 07:46:57.251822,2019-02-01 07:46:57.251822
1346,zAC6PV,2019-02-01 07:46:57.251822,2019-02-01 07:46:57.251822
1347,Lt3xMf,2019-02-01 07:46:57.251822,2019-02-01 07:46:57.251822
1348,YVWopx,2019-02-01 07:46:57.251822,2019-02-01 07:46:57.251822
1349,xZCUbm,2019-02-01 07:46:57.251822,2019-02-01 07:46:57.251822
1350,bztkAM,2019-02-01 07:46:57.251822,2019-02-01 07:46:57.251822
1351,O9XhOw,2019-02-01 07:46:57.251822,2019-02-01 07:46:57.251822
1352,0UTcHS,2019-02-01 07:46:57.251822,2019-02-01 07:46:57.251822
1353,XlDXNh,2019-02-01 07:46:57.251822,2019-02-01 07:46:57.251822
1354,6iwkrE,2019-02-01 07:46:57.251822,2019-02-01 07:46:57.251822
1355,WBe09U,2019-02-01 07:46:57.251822,2019-02-01 07:46:57.251822
1356,yBrlNu,2019-02-01 07:46:57.251822,2019-02-01 07:46:57.251822
1357,tuzag8,2019-02-01 07:46:57.251822,2019-02-01 07:46:57.251822
1358,zkfPGW,2019-02-01 07:46:57.251822,2019-02-01 07:46:57.251822
1359,M77aJE,2019-02-01 07:46:57.251822,2019-02-01 07:46:57.251822
1360,akZCc6,2019-02-01 07:46:57.251822,2019-02-01 07:46:57.251822
1361,TLdF50,2019-02-01 07:46:57.251822,2019-02-01 07:46:57.251822
1362,WFjpOp,2019-02-01 07:46:57.251822,2019-02-01 07:46:57.251822
1363,7faCP2,2019-02-01 07:46:57.251822,2019-02-01 07:46:57.251822
1364,EzaTJ3,2019-02-01 07:46:57.251822,2019-02-01 07:46:57.251822
1365,SjPBgM,2019-02-01 07:46:57.251822,2019-02-01 07:46:57.251822
1366,HaN457,2019-02-01 07:46:57.251822,2019-02-01 07:46:57.251822
1367,qOKA1F,2019-02-01 07:46:57.251822,2019-02-01 07:46:57.251822
1368,f16hLl,2019-02-01 07:46:57.251822,2019-02-01 07:46:57.251822
1369,lMlLXZ,2019-02-01 07:46:57.251822,2019-02-01 07:46:57.251822
1370,5fM3ER,2019-02-01 07:46:57.251822,2019-02-01 07:46:57.251822
1371,7bnlRC,2019-02-01 07:46:57.251822,2019-02-01 07:46:57.251822
1372,zTJ86p,2019-02-01 07:46:57.251822,2019-02-01 07:46:57.251822
1373,Y6VFJW,2019-02-01 07:46:57.251822,2019-02-01 07:46:57.251822
1374,HyTdTM,2019-02-01 07:46:57.251822,2019-02-01 07:46:57.251822
1375,VdK5qM,2019-02-01 07:46:57.251822,2019-02-01 07:46:57.251822
1376,lDDTXD,2019-02-01 07:46:57.251822,2019-02-01 07:46:57.251822
1377,WbvFmE,2019-02-01 07:46:57.251822,2019-02-01 07:46:57.251822
1378,a5LtHp,2019-02-01 07:46:57.251822,2019-02-01 07:46:57.251822
1379,mcvkTZ,2019-02-01 07:46:57.251822,2019-02-01 07:46:57.251822
1380,4neIJi,2019-02-01 07:46:57.251822,2019-02-01 07:46:57.251822
1381,yh28GV,2019-02-01 07:46:57.251822,2019-02-01 07:46:57.251822
1382,htJQLM,2019-02-01 07:46:57.251822,2019-02-01 07:46:57.251822
1383,CLsadV,2019-02-01 07:46:57.251822,2019-02-01 07:46:57.251822
1384,mjwrcO,2019-02-01 07:46:57.251822,2019-02-01 07:46:57.251822
1385,37s6fV,2019-02-01 07:46:57.251822,2019-02-01 07:46:57.251822
1386,Api83U,2019-02-01 07:46:57.251822,2019-02-01 07:46:57.251822
1387,WFT0UY,2019-02-01 07:46:57.251822,2019-02-01 07:46:57.251822
1388,IzBcZt,2019-02-01 07:46:57.251822,2019-02-01 07:46:57.251822
1389,Z4LnaP,2019-02-01 07:46:57.251822,2019-02-01 07:46:57.251822
1390,gvFuE2,2019-02-01 07:46:57.251822,2019-02-01 07:46:57.251822
1391,VgbSMs,2019-02-01 07:46:57.251822,2019-02-01 07:46:57.251822
1392,8vbUYR,2019-02-01 07:46:57.251822,2019-02-01 07:46:57.251822
1393,uAYQwf,2019-02-01 07:46:57.251822,2019-02-01 07:46:57.251822
1394,gVuwQ6,2019-02-01 07:46:57.251822,2019-02-01 07:46:57.251822
1395,1qx64W,2019-02-01 07:46:57.251822,2019-02-01 07:46:57.251822
1396,N87g0e,2019-02-01 07:46:57.251822,2019-02-01 07:46:57.251822
1397,FtZRre,2019-02-01 07:46:57.251822,2019-02-01 07:46:57.251822
1398,lPcmND,2019-02-01 07:46:57.251822,2019-02-01 07:46:57.251822
1399,LB8JzL,2019-02-01 07:46:57.251822,2019-02-01 07:46:57.251822
1400,z71HIM,2019-02-01 07:46:57.251822,2019-02-01 07:46:57.251822
1401,GCDyUs,2019-02-01 07:46:57.251822,2019-02-01 07:46:57.251822
1402,ULNeg7,2019-02-01 07:46:57.251822,2019-02-01 07:46:57.251822
1403,lsUdvK,2019-02-01 07:46:57.251822,2019-02-01 07:46:57.251822
1404,f1MEZQ,2019-02-01 07:46:57.251822,2019-02-01 07:46:57.251822
1405,P8KXUd,2019-02-01 07:46:57.251822,2019-02-01 07:46:57.251822
1406,dqKU6w,2019-02-01 07:46:57.251822,2019-02-01 07:46:57.251822
1407,dlm9nV,2019-02-01 07:46:57.251822,2019-02-01 07:46:57.251822
1408,G5Uxww,2019-02-01 07:46:57.251822,2019-02-01 07:46:57.251822
1409,1S3Le4,2019-02-01 07:46:57.251822,2019-02-01 07:46:57.251822
1410,Mvh5U2,2019-02-01 07:46:57.251822,2019-02-01 07:46:57.251822
1411,OH98hq,2019-02-01 07:46:57.251822,2019-02-01 07:46:57.251822
1412,8ftXVJ,2019-02-01 07:46:57.251822,2019-02-01 07:46:57.251822
1413,e0bg5f,2019-02-01 07:46:57.251822,2019-02-01 07:46:57.251822
1414,CI8j2t,2019-02-01 07:46:57.251822,2019-02-01 07:46:57.251822
1415,1EDyEY,2019-02-01 07:46:57.251822,2019-02-01 07:46:57.251822
1416,FlmKOv,2019-02-01 07:46:57.251822,2019-02-01 07:46:57.251822
1417,9BJRbZ,2019-02-01 07:46:57.251822,2019-02-01 07:46:57.251822
1418,K6s9S1,2019-02-01 07:46:57.251822,2019-02-01 07:46:57.251822
1419,xh62VZ,2019-02-01 07:46:57.251822,2019-02-01 07:46:57.251822
1420,FxxNhs,2019-02-01 07:46:57.251822,2019-02-01 07:46:57.251822
1421,P2rD30,2019-02-01 07:46:57.251822,2019-02-01 07:46:57.251822
1422,LPjakS,2019-02-01 07:46:57.251822,2019-02-01 07:46:57.251822
1423,Ieu3Wi,2019-02-01 07:46:57.251822,2019-02-01 07:46:57.251822
1424,14UQ4N,2019-02-01 07:46:57.251822,2019-02-01 07:46:57.251822
1425,Bzl1Jw,2019-02-01 07:46:57.251822,2019-02-01 07:46:57.251822
1426,fX6odn,2019-02-01 07:46:57.251822,2019-02-01 07:46:57.251822
1427,NZ5gEX,2019-02-01 07:46:57.251822,2019-02-01 07:46:57.251822
1428,2ZwqMd,2019-02-01 07:46:57.251822,2019-02-01 07:46:57.251822
1429,zcGmvP,2019-02-01 07:46:57.251822,2019-02-01 07:46:57.251822
1430,nbVcip,2019-02-01 07:46:57.251822,2019-02-01 07:46:57.251822
1431,Tw2gsB,2019-02-01 07:46:57.251822,2019-02-01 07:46:57.251822
1432,1SYQ5O,2019-02-01 07:46:57.251822,2019-02-01 07:46:57.251822
1433,xXJuyA,2019-02-01 07:46:57.251822,2019-02-01 07:46:57.251822
1434,Uwcqsj,2019-02-01 07:46:57.251822,2019-02-01 07:46:57.251822
1435,7SC2N0,2019-02-01 07:46:57.251822,2019-02-01 07:46:57.251822
1436,KfC3l9,2019-02-01 07:46:57.251822,2019-02-01 07:46:57.251822
1437,8TQNbT,2019-02-01 07:46:57.251822,2019-02-01 07:46:57.251822
1438,zJigjF,2019-02-01 07:46:57.251822,2019-02-01 07:46:57.251822
1439,i1jKN5,2019-02-01 07:46:57.251822,2019-02-01 07:46:57.251822
1440,dODEDo,2019-02-01 07:46:57.251822,2019-02-01 07:46:57.251822
1441,sYYgGI,2019-02-01 07:46:57.251822,2019-02-01 07:46:57.251822
1442,0c3ltk,2019-02-01 07:46:57.251822,2019-02-01 07:46:57.251822
1443,onllb0,2019-02-01 07:46:57.251822,2019-02-01 07:46:57.251822
1444,oqsjeJ,2019-02-01 07:46:57.251822,2019-02-01 07:46:57.251822
1445,h7N6T9,2019-02-01 07:46:57.251822,2019-02-01 07:46:57.251822
1446,xg7BJX,2019-02-01 07:46:57.251822,2019-02-01 07:46:57.251822
1447,D4I0lX,2019-02-01 07:46:57.251822,2019-02-01 07:46:57.251822
1448,eBelPz,2019-02-01 07:46:57.251822,2019-02-01 07:46:57.251822
1449,qvtSfO,2019-02-01 07:46:57.251822,2019-02-01 07:46:57.251822
1450,rHCSHp,2019-02-01 07:46:57.251822,2019-02-01 07:46:57.251822
1451,fDUiV9,2019-02-01 07:46:57.251822,2019-02-01 07:46:57.251822
1452,ZyZ1g3,2019-02-01 07:46:57.251822,2019-02-01 07:46:57.251822
1453,L2Nd1C,2019-02-01 07:46:57.251822,2019-02-01 07:46:57.251822
1454,babLje,2019-02-01 07:46:57.251822,2019-02-01 07:46:57.251822
1455,LfwcEu,2019-02-01 07:46:57.251822,2019-02-01 07:46:57.251822
1456,h9JXAb,2019-02-01 07:46:57.251822,2019-02-01 07:46:57.251822
1457,vKqrQm,2019-02-01 07:46:57.251822,2019-02-01 07:46:57.251822
1458,iId6Sg,2019-02-01 07:46:57.251822,2019-02-01 07:46:57.251822
1459,p6ZP0p,2019-02-01 07:46:57.251822,2019-02-01 07:46:57.251822
1460,MmaQrA,2019-02-01 07:46:57.251822,2019-02-01 07:46:57.251822
1461,AQE3Sx,2019-02-01 07:46:57.251822,2019-02-01 07:46:57.251822
1462,3Zc0Ez,2019-02-01 07:46:57.251822,2019-02-01 07:46:57.251822
1463,5ue4ah,2019-02-01 07:46:57.251822,2019-02-01 07:46:57.251822
1464,2yXCVa,2019-02-01 07:46:57.251822,2019-02-01 07:46:57.251822
1465,PB49EI,2019-02-01 07:46:57.251822,2019-02-01 07:46:57.251822
1466,2Bxz64,2019-02-01 07:46:57.251822,2019-02-01 07:46:57.251822
1467,G8qBXI,2019-02-01 07:46:57.251822,2019-02-01 07:46:57.251822
1468,ATFslo,2019-02-01 07:46:57.251822,2019-02-01 07:46:57.251822
1469,l5VbnF,2019-02-01 07:46:57.251822,2019-02-01 07:46:57.251822
1470,8lmndo,2019-02-01 07:46:57.251822,2019-02-01 07:46:57.251822
1471,6owRQn,2019-02-01 07:46:57.251822,2019-02-01 07:46:57.251822
1472,ctjbwM,2019-02-01 07:46:57.251822,2019-02-01 07:46:57.251822
1473,uzOl1k,2019-02-01 07:46:57.251822,2019-02-01 07:46:57.251822
1474,FDSQ5n,2019-02-01 07:46:57.251822,2019-02-01 07:46:57.251822
1475,0a0nmv,2019-02-01 07:46:57.251822,2019-02-01 07:46:57.251822
1476,OGHzdU,2019-02-01 07:46:57.251822,2019-02-01 07:46:57.251822
1477,XJ7ZBB,2019-02-01 07:46:57.251822,2019-02-01 07:46:57.251822
1478,XeZfaD,2019-02-01 07:46:57.251822,2019-02-01 07:46:57.251822
1479,FnRwC6,2019-02-01 07:46:57.251822,2019-02-01 07:46:57.251822
1480,GbTnYM,2019-02-01 07:46:57.251822,2019-02-01 07:46:57.251822
1481,HptKyQ,2019-02-01 07:46:57.251822,2019-02-01 07:46:57.251822
1482,YmuNgG,2019-02-01 07:46:57.251822,2019-02-01 07:46:57.251822
1483,5ErplG,2019-02-01 07:46:57.251822,2019-02-01 07:46:57.251822
1484,FbD1pJ,2019-02-01 07:46:57.251822,2019-02-01 07:46:57.251822
1485,Rl3Yy9,2019-02-01 07:46:57.251822,2019-02-01 07:46:57.251822
1486,44mN7a,2019-02-01 07:46:57.251822,2019-02-01 07:46:57.251822
1487,x6bRxw,2019-02-01 07:46:57.251822,2019-02-01 07:46:57.251822
1488,aSdzxF,2019-02-01 07:46:57.251822,2019-02-01 07:46:57.251822
1489,KVcu4B,2019-02-01 07:46:57.251822,2019-02-01 07:46:57.251822
1490,oRKnzw,2019-02-01 07:46:57.251822,2019-02-01 07:46:57.251822
1491,6DAt6F,2019-02-01 07:46:57.251822,2019-02-01 07:46:57.251822
1492,cXEnHS,2019-02-01 07:46:57.251822,2019-02-01 07:46:57.251822
1493,Xv2EIK,2019-02-01 07:46:57.251822,2019-02-01 07:46:57.251822
1494,vf8QTx,2019-02-01 07:46:57.251822,2019-02-01 07:46:57.251822
1495,zFPtdT,2019-02-01 07:46:57.251822,2019-02-01 07:46:57.251822
1496,pOk8tL,2019-02-01 07:46:57.251822,2019-02-01 07:46:57.251822
1497,Kktdjp,2019-02-01 07:46:57.251822,2019-02-01 07:46:57.251822
1498,ej16Dh,2019-02-01 07:46:57.251822,2019-02-01 07:46:57.251822
1499,vIhSst,2019-02-01 07:46:57.251822,2019-02-01 07:46:57.251822
1500,cvma3B,2019-02-01 07:46:57.251822,2019-02-01 07:46:57.251822
